{
  "silhouette": 0.03812627121806145,
  "nmi": 0.13805075755882362,
  "ari": 0.09722734954822344
}