{
  "mean_abs": 0.4997166097164154,
  "std_mean": 0.23864416778087616,
  "global_std": 0.6274608969688416,
  "unique_rows_sampled": 5000
}