{
  "silhouette": 0.0470886824328941,
  "nmi": 0.23092114344588513,
  "ari": 0.18729814963868405
}