{
  "mean_abs": 0.49379211465690226,
  "std_mean": 0.2174932840979939,
  "global_std": 0.2650103712013415,
  "unique_rows_sampled": 5000
}